"peptide","gene","mismatch","Found","Wildtype"
"KVAELVHFL","MAGE-A3",0,"Yes","Yes"
"KVAELVHFL","MAGE-A3",0,"Yes","Yes"
"KVAELVHFL","MAGE-A9",0,"Yes","Yes"
"KVAELVHFL","MAGE-A9",0,"Yes","Yes"
"KMAELVHFL","MAGE-A12",1,"Yes","Yes"
"KMAELVHFL","MAGEA12",1,"Yes","Yes"
"KVAELVEFL","MAGE-C2",1,"Yes","Yes"
"KVAELVHIL","DDX28",1,"Yes","Yes"
"KVAELVQFL","MAGE-C3",1,"Yes","Yes"
"KVAELVQFL","MAGEC3",1,"Yes","Yes"
"KVAELVRFL","MAGE-A8",1,"Yes","Yes"
"KVAKLVHFL","MAGE-A6",1,"Yes","Yes"
"KLEELVHFL","MRV11",2,"Yes","Yes"
"KLEELVHFL","MRVI1",2,"Yes","Yes"
"KMVELVHFL","MAGE-A2",2,"Yes","Yes"
"KVADLIHFL","MAGE-A5",2,"No",NA
"KVADLVGFL","MAGE-A1",2,"Yes","Yes"
"KVDELAHFL","MAGE-A4",2,"Yes","Yes"
"KVVSLVHFL","MAGE-B18",2,"Yes","Yes"
"SAAELVHFL","EPS8L2",2,"Yes","Yes"
"GIAELVHFS","PPP2R1B",3,"Yes","Yes"
"KVTDLVQFL","MAGE-A10",3,"Yes","Yes"
"SAADLVHFL","EPS8L2",3,"Yes","Yes"
"SAADLVHFL","EPS8",3,"Yes","Yes"
"TVAELVQFV","MAGE-F1",3,"No",NA
"KIIDLVHLL","MAGE-A11",4,"Yes","Yes"
"FLWGPRALV","MAGE-A3",9,"No",NA
