"peptide","gene","mismatch","CrossDome","EpiTox","n_mismatch","relatedness_score"
"KVAELVHFL","MAGE-A3",0,"Yes","Yes",0,0
"KVAELVHFL","MAGE-A9",0,"Yes","Yes",0,0
"KMAELVHFL","MAGEA12",1,"Yes","Yes",1,2.51437150883509
"KMAELVHFL","MAGE-A12",1,"Yes","Yes",1,2.51437150883509
"KVAELVEFL","MAGE-C2",1,"No","Yes",NA,NA
"KVAELVHIL","DDX28",1,"No","Yes",NA,NA
"KVAELVQFL","MAGE-C3",1,"No","Yes",NA,NA
"KVAELVQFL","MAGEC3",1,"No","Yes",NA,NA
"KVAELVRFL","MAGE-A8",1,"No","Yes",NA,NA
"KVAKLVHFL","MAGE-A6",1,"Yes","Yes",1,3.03445990439479
"KLEELVHFL","MRVI1",2,"No","Yes",NA,NA
"KLEELVHFL","MRV11",2,"No","Yes",NA,NA
"KMVELVHFL","MAGE-A2",2,"Yes","Yes",2,4.87106795493725
"KVADLIHFL","MAGE-A5",2,"No","No",NA,NA
"KVADLVGFL","MAGE-A1",2,"Yes","Yes",2,7.29757710538876
"KVDELAHFL","MAGE-A4",2,"No","Yes",NA,NA
"KVVSLVHFL","MAGE-B18",2,"No","Yes",NA,NA
"SAAELVHFL","EPS8L2",2,"No","Yes",NA,NA
"GIAELVHFS","PPP2R1B",3,"No","Yes",NA,NA
"KVTDLVQFL","MAGE-A10",3,"No","Yes",NA,NA
"SAADLVHFL","EPS8L2",3,"No","Yes",NA,NA
"SAADLVHFL","EPS8",3,"No","Yes",NA,NA
"TVAELVQFV","MAGE-F1",3,"No","No",NA,NA
"KIIDLVHLL","MAGE-A11",4,"Yes","Yes",4,7.72347054132126
"FLWGPRALV","MAGE-A3",9,"Yes","No",9,34.5969633874535
